txn_id,amount,timestamp
TXN5001,999.99,2024-01-17T09:00:11
TXN5002,1245.50,2024-01-17T09:15:22
TXN5003,567.80,2024-01-17T09:30:45
TXN5004,892.33,2024-01-17T09:45:10
TXN5005,1456.75,2024-01-17T10:00:33
TXN5006,234.90,2024-01-17T10:15:48
TXN5007,1678.25,2024-01-17T10:30:12
TXN5008,445.60,2024-01-17T10:45:55
TXN5009,1123.80,2024-01-17T11:00:20
TXN5010,789.45,2024-01-17T11:15:37
TXN5011,1567.30,2024-01-17T11:30:42
TXN5012,334.75,2024-01-17T11:45:18
TXN5013,923.60,2024-01-17T12:00:25
TXN5014,1845.90,2024-01-17T12:15:50
TXN5015,456.20,2024-01-17T12:30:33
TXN5016,1234.85,2024-01-17T12:45:11
TXN5017,678.40,2024-01-17T13:00:44
TXN5018,1456.55,2024-01-17T13:15:28
TXN5019,345.70,2024-01-17T13:30:15
TXN5020,1089.25,2024-01-17T13:45:39
TXN5021,567.90,2024-01-17T14:00:52
TXN5022,1723.45,2024-01-17T14:15:17
TXN5023,823.60,2024-01-17T14:30:41
TXN5024,1345.80,2024-01-17T14:45:23
TXN5025,456.35,2024-01-17T15:00:36
TXN5026,1567.20,2024-01-17T15:15:49
TXN5027,734.85,2024-01-17T15:30:12
TXN5028,1234.60,2024-01-17T15:45:27
TXN5029,589.40,2024-01-17T16:00:38
TXN5030,1456.90,2024-01-17T16:15:51
TXN3001,567.80,2024-01-16T08:10:00
TXN3015,234.50,2024-01-16T09:25:15
TXN1003,89.99,2024-01-15T14:35:00
TXN1007,445.60,2024-01-15T16:20:30
TXN2005,1123.75,2024-01-16T10:30:45
TXN2012,678.90,2024-01-16T12:15:20
TXN4008,892.40,2024-01-17T08:45:33
TXN4015,1345.70,2024-01-17T11:20:48
TXN5031,923.15,2024-01-17T16:30:14
TXN5032,1678.50,2024-01-17T16:45:29
TXN5033,345.80,2024-01-17T17:00:42
TXN5034,1234.95,2024-01-17T17:15:55
TXN5035,567.25,2024-01-17T17:30:18
TXN5036,1456.40,2024-01-17T17:45:31
TXN5037,789.60,2024-01-17T18:00:44
TXN5038,1567.85,2024-01-17T18:15:57
TXN5039,456.70,2024-01-17T18:30:22
TXN5040,1234.30,2024-01-17T18:45:35
TXN5041,678.55,2024-01-17T19:00:48
TXN5042,1456.20,2024-01-17T19:15:11
TXN5043,834.90,2024-01-17T19:30:24
TXN5044,1678.45,2024-01-17T19:45:37
TXN5045,456.80,2024-01-17T20:00:50
TXN5046,1234.65,2024-01-17T20:15:13
TXN5047,567.40,2024-01-17T20:30:26
TXN5048,1456.75,2024-01-17T20:45:39
TXN5049,789.20,2024-01-17T21:00:52
TXN5050,1567.90,2024-01-17T21:15:15
TXN6002,923.45,2024-01-18T08:30:22
TXN6008,1345.60,2024-01-18T10:15:45
TXN6015,678.30,2024-01-18T12:20:18
TXN5051,1234.50,2024-01-17T21:30:28
TXN5052,456.95,2024-01-17T21:45:41
TXN5053,1567.35,2024-01-17T22:00:54
TXN5054,823.70,2024-01-17T22:15:17
TXN5055,1456.85,2024-01-17T22:30:30
TXN5056,567.60,2024-01-17T22:45:43
TXN5057,1234.75,2024-01-17T23:00:56
TXN5058,789.90,2024-01-17T23:15:19
TXN5059,1567.25,2024-01-17T23:30:32
TXN5060,456.40,2024-01-17T23:45:45
TXN5061,1234.80,2024-01-18T00:00:58
TXN5062,678.50,2024-01-18T00:15:21
TXN5063,1456.95,2024-01-18T00:30:34
TXN5064,834.60,2024-01-18T00:45:47
TXN5065,1678.30,2024-01-18T01:00:10
TXN5066,456.75,2024-01-18T01:15:23
TXN5067,1234.90,2024-01-18T01:30:36
TXN5068,567.85,2024-01-18T01:45:49
TXN5069,1456.60,2024-01-18T02:00:12
TXN5070,789.35,2024-01-18T02:15:25
TXN5071,1567.70,2024-01-18T02:30:38
TXN5072,923.50,2024-01-18T02:45:51
TXN5073,1345.85,2024-01-18T03:00:14
TXN5074,456.65,2024-01-18T03:15:27
TXN5075,1234.40,2024-01-18T03:30:40
TXN5076,678.75,2024-01-18T03:45:53
TXN5077,1456.30,2024-01-18T04:00:16
TXN5078,834.95,2024-01-18T04:15:29
TXN5079,1678.55,2024-01-18T04:30:42
TXN5080,456.90,2024-01-18T04:45:55
TXN5081,1234.70,2024-01-18T05:00:18
TXN5082,567.45,2024-01-18T05:15:31
TXN5083,1456.80,2024-01-18T05:30:44
TXN5084,789.60,2024-01-18T05:45:57
TXN5085,1567.95,2024-01-18T06:00:20
TXN5086,923.25,2024-01-18T06:15:33
TXN5087,1345.55,2024-01-18T06:30:46
TXN5088,456.50,2024-01-18T06:45:59
TXN5089,1234.85,2024-01-18T07:00:22
TXN5090,678.95,2024-01-18T07:15:35
TXN5091,1456.45,2024-01-18T07:30:48
TXN5092,834.70,2024-01-18T07:45:11
TXN5093,1678.80,2024-01-18T08:00:24
TXN5094,456.55,2024-01-18T08:15:37
TXN5095,1234.60,2024-01-18T08:30:50
TXN5096,567.70,2024-01-18T08:45:13
TXN5097,1456.90,2024-01-18T09:00:26
TXN5098,789.80,2024-01-18T09:15:39
TXN5099,1567.40,2024-01-18T09:30:52
TXN5100,923.65,2024-01-18T09:45:15