CREATE TABLE users (id INTEGER PRIMARY KEY, username VARCHAR(100), email VARCHAR(100));
CREATE TABLE projects (id INTEGER PRIMARY KEY, user_id INTEGER REFERENCES users(id), name VARCHAR(200));
CREATE TABLE tasks (id INTEGER PRIMARY KEY, project_id INTEGER REFERENCES projects(id), title VARCHAR(200), status VARCHAR(50));

INSERT INTO users VALUES (1, 'alice', 'alice@example.com');
INSERT INTO users VALUES (2, 'bob', 'bob@example.com');
INSERT INTO users VALUES (3, 'charlie', 'charlie@example.com');
INSERT INTO users VALUES (5, 'david', 'david@example.com');
INSERT INTO users VALUES (6, 'emma', 'emma@example.com');
INSERT INTO users VALUES (7, 'frank', 'frank@example.com');
INSERT INTO users VALUES (9, 'grace', 'grace@example.com');
INSERT INTO users VALUES (10, 'henry', 'henry@example.com');
INSERT INTO users VALUES (11, 'iris', 'iris@example.com');
INSERT INTO users VALUES (12, 'jack', 'jack@example.com');

INSERT INTO projects VALUES (1, 1, 'Website Redesign');
INSERT INTO projects VALUES (2, 2, 'Mobile App Development');
INSERT INTO projects VALUES (3, 3, 'Database Migration');
INSERT INTO projects VALUES (4, 5, 'Marketing Campaign');
INSERT INTO projects VALUES (5, 6, 'Customer Portal');
INSERT INTO projects VALUES (6, 7, 'API Integration');
INSERT INTO projects VALUES (7, 99, 'Legacy System Upgrade');
INSERT INTO projects VALUES (8, 9, 'Security Audit');
INSERT INTO projects VALUES (9, 10, 'Cloud Migration');
INSERT INTO projects VALUES (10, 100, 'Product Launch');
INSERT INTO projects VALUES (11, 11, 'Documentation Update');
INSERT INTO projects VALUES (12, 12, 'Performance Optimization');
INSERT INTO projects VALUES (13, 1, 'Email Templates');
INSERT INTO projects VALUES (14, 150, 'Analytics Dashboard');
INSERT INTO projects VALUES (15, 2, 'Payment Integration');
INSERT INTO projects VALUES (16, 3, 'User Authentication');
INSERT INTO projects VALUES (17, 200, 'Backup System');
INSERT INTO projects VALUES (18, 5, 'Notification Service');
INSERT INTO projects VALUES (19, 6, 'Search Functionality');
INSERT INTO projects VALUES (20, 99, 'Reporting Module');

INSERT INTO tasks VALUES (1, 1, 'Design mockups', 'open');
INSERT INTO tasks VALUES (2, 1, 'Create wireframes', 'in_progress');
INSERT INTO tasks VALUES (3, 2, 'Setup development environment', 'closed');
INSERT INTO tasks VALUES (4, 2, 'Implement authentication', 'in_progress');
INSERT INTO tasks VALUES (5, 3, 'Backup current database', 'closed');
INSERT INTO tasks VALUES (6, 3, 'Create migration scripts', 'open');
INSERT INTO tasks VALUES (7, 50, 'Review requirements', 'open');
INSERT INTO tasks VALUES (8, 4, 'Design campaign materials', 'in_progress');
INSERT INTO tasks VALUES (9, 5, 'Build user dashboard', 'open');
INSERT INTO tasks VALUES (10, 5, 'Implement login system', 'closed');
INSERT INTO tasks VALUES (11, 75, 'Test performance', 'blocked');
INSERT INTO tasks VALUES (12, 6, 'Research API options', 'closed');
INSERT INTO tasks VALUES (13, 7, 'Document old system', 'open');
INSERT INTO tasks VALUES (14, 8, 'Run security scan', 'in_progress');
INSERT INTO tasks VALUES (15, 88, 'Fix critical bugs', 'open');
INSERT INTO tasks VALUES (16, 9, 'Select cloud provider', 'closed');
INSERT INTO tasks VALUES (17, 10, 'Create marketing plan', 'open');
INSERT INTO tasks VALUES (18, 99, 'Schedule team meeting', 'open');
INSERT INTO tasks VALUES (19, 11, 'Write user guide', 'in_progress');
INSERT INTO tasks VALUES (20, 12, 'Profile slow queries', 'open');
INSERT INTO tasks VALUES (21, 13, 'Design email layouts', 'closed');
INSERT INTO tasks VALUES (22, 14, 'Setup analytics tracking', 'open');
INSERT INTO tasks VALUES (23, 15, 'Integrate payment gateway', 'in_progress');
INSERT INTO tasks VALUES (24, 100, 'Deploy to production', 'blocked');
INSERT INTO tasks VALUES (25, 16, 'Implement JWT tokens', 'closed');
INSERT INTO tasks VALUES (26, 17, 'Configure automated backups', 'open');
INSERT INTO tasks VALUES (27, 18, 'Send push notifications', 'in_progress');
INSERT INTO tasks VALUES (28, 19, 'Index search fields', 'open');
INSERT INTO tasks VALUES (29, 20, 'Generate monthly reports', 'closed');
INSERT INTO tasks VALUES (30, 99, 'Update dependencies', 'open');
INSERT INTO tasks VALUES (31, 7, 'Migrate user data', 'blocked');
INSERT INTO tasks VALUES (32, 10, 'Create demo video', 'in_progress');
INSERT INTO tasks VALUES (33, 14, 'Build custom charts', 'open');
INSERT INTO tasks VALUES (34, 17, 'Test restore procedure', 'closed');
INSERT INTO tasks VALUES (35, 20, 'Add export functionality', 'open');